type,PGA,PGA
loc,1,1
dir,1,1
stat,median,beta
0,2.324721278053609,0.5336832008241542
