type,PGA,PGA
loc,1,1
dir,1,1
stat,median,beta
0,2.2097745943812095,0.5544724739890928
