type,PGA,PGA
loc,1,1
dir,1,1
stat,median,beta
0,2.8694046979311363,0.4708409443721048
