type,PGA,PGA
loc,1,1
dir,1,1
stat,median,beta
0,2.205635559706887,0.5176302035896628
