type,PGA,PGA
loc,1,1
dir,1,1
stat,median,beta
0,1.8511944124690003,0.581291068792006
