type,PGA,PGA
loc,1,1
dir,1,1
stat,median,beta
0,2.7143472321281026,0.49293730598016383
