type,PGA,PGA
loc,1,1
dir,1,1
stat,median,beta
0,2.4655527099359005,0.48771973065367075
