type,PGA,PGA
loc,1,1
dir,1,1
stat,median,beta
0,2.363400395158103,0.527184638774718
