type,PGA,PGA
loc,1,1
dir,1,1
stat,median,beta
0,2.138369636863528,0.5730894824266753
