type,PGA,PGA
loc,1,1
dir,1,1
stat,median,beta
0,2.00868195216575,0.5808697388756546
