type,PGA,PGA
loc,1,1
dir,1,1
stat,median,beta
0,2.0487726264109867,0.5871394197940929
