type,PGA,PGA
loc,1,1
dir,1,1
stat,median,beta
0,2.369121743871724,0.5001272619415129
