type,PGA,PGA
loc,1,1
dir,1,1
stat,median,beta
0,2.766583049138366,0.46491338762732504
