type,PGA,PGA
loc,1,1
dir,1,1
stat,median,beta
0,2.373854510628973,0.4993730940893393
