type,PGA,PGA
loc,1,1
dir,1,1
stat,median,beta
0,2.222571053623863,0.5617174513456145
