type,PGA,PGA
loc,1,1
dir,1,1
stat,median,beta
0,2.9228595294770185,0.4958122676783593
