type,PGA,PGA
loc,1,1
dir,1,1
stat,median,beta
0,2.184234760391806,0.5499177835853032
