type,PGA,PGA
loc,1,1
dir,1,1
stat,median,beta
0,2.2872360368348854,0.4785102646654045
