type,PGA,PGA
loc,1,1
dir,1,1
stat,median,beta
0,2.4760259393903796,0.516183190267491
