type,PGA,PGA
loc,1,1
dir,1,1
stat,median,beta
0,2.266494068911509,0.560939425023756
