type,PGA,PGA
loc,1,1
dir,1,1
stat,median,beta
0,2.221067944147945,0.5297416883199285
