type,PGA,PGA
loc,1,1
dir,1,1
stat,median,beta
0,1.8099610183233485,0.569399009318628
