type,PGA,PGA
loc,1,1
dir,1,1
stat,median,beta
0,2.822005959110289,0.4819169018910323
