type,PGA,PGA
loc,1,1
dir,1,1
stat,median,beta
0,2.033547539323643,0.5476094986483074
