type,PGA,PGA
loc,1,1
dir,1,1
stat,median,beta
0,1.9017209736909115,0.5795866491968015
