type,PGA,PGA
loc,1,1
dir,1,1
stat,median,beta
0,2.4473426618817156,0.4629172122573695
