type,PGA,PGA
loc,1,1
dir,1,1
stat,median,beta
0,2.3491370979348396,0.5029037842530332
