type,PGA,PGA
loc,1,1
dir,1,1
stat,median,beta
0,2.921719932443064,0.4904967915812135
