type,PGA,PGA
loc,1,1
dir,1,1
stat,median,beta
0,2.238510554696979,0.5597496693207126
