type,PGA,PGA
loc,1,1
dir,1,1
stat,median,beta
0,1.8468191308462674,0.582558125959799
