,Collapse,DS likelihood,DS likelihood,DS likelihood,DS likelihood,DS likelihood,DS likelihood
,probability,S,S,S,S,S,S
, ,0,1_1,2_1,3_1,4_1,4_2
0,0.02,0.5306122448979591,0.12244897959183676,0.12244897959183673,0.20408163265306123,0.02040816326530612,
