type,PGA,PGA
loc,1,1
dir,1,1
stat,median,beta
0,2.181819337935521,0.5532154487844186
