type,PGA,PGA
loc,1,1
dir,1,1
stat,median,beta
0,2.6362981718645164,0.4746711500643216
