type,PGA,PGA
loc,1,1
dir,1,1
stat,median,beta
0,2.166071100995046,0.5435689633573688
