type,PGA,PGA
loc,1,1
dir,1,1
stat,median,beta
0,2.611411487088377,0.4340644892526782
