type,PGA,PGA
loc,1,1
dir,1,1
stat,median,beta
0,2.730267768691177,0.4927076162415059
