type,PGA,PGA
loc,1,1
dir,1,1
stat,median,beta
0,1.8381164035924082,0.5810395533529071
