type,PGA,PGA
loc,1,1
dir,1,1
stat,median,beta
0,2.6497790894639675,0.451757117362472
