type,PGA,PGA
loc,1,1
dir,1,1
stat,median,beta
0,2.631379774451418,0.41697127740454853
