type,PGA,PGA
loc,1,1
dir,1,1
stat,median,beta
0,2.513598190215741,0.4905902731384479
