type,PGA,PGA
loc,1,1
dir,1,1
stat,median,beta
0,2.766363858417443,0.4716448620100357
