type,PGA,PGA
loc,1,1
dir,1,1
stat,median,beta
0,2.181471393488983,0.5687169737860797
