type,PGA,PGA
loc,1,1
dir,1,1
stat,median,beta
0,2.284188742525295,0.5805538681109563
