type,PGA,PGA
loc,1,1
dir,1,1
stat,median,beta
0,2.16161219098316,0.5730456730454814
