type,PGA,PGA
loc,1,1
dir,1,1
stat,median,beta
0,2.07360651533501,0.5819199056274481
