type,PGA,PGA
loc,1,1
dir,1,1
stat,median,beta
0,2.421516997143103,0.5742622023986831
