type,PGA,PGA
loc,1,1
dir,1,1
stat,median,beta
0,2.19201704671946,0.5372078229220704
