type,PGA,PGA
loc,1,1
dir,1,1
stat,median,beta
0,2.731357488943501,0.42080422090052966
