type,PGA,PGA
loc,1,1
dir,1,1
stat,median,beta
0,2.7533321297608673,0.46973010499031576
