type,PGA,PGA
loc,1,1
dir,1,1
stat,median,beta
0,2.7918755730936304,0.4573514577766938
