type,PGA,PGA
loc,1,1
dir,1,1
stat,median,beta
0,2.789105714577473,0.47306605577385
