type,PGA,PGA
loc,1,1
dir,1,1
stat,median,beta
0,2.4373014342866295,0.571118817670253
