type,PGA,PGA
loc,1,1
dir,1,1
stat,median,beta
0,1.8883059436805414,0.5729939630021313
