type,PGA,PGA
loc,1,1
dir,1,1
stat,median,beta
0,2.8116671655855274,0.4912658800910214
