type,PGA,PGA
loc,1,1
dir,1,1
stat,median,beta
0,2.7790678139861975,0.4689876613791336
