,Collapse,DS likelihood,DS likelihood,DS likelihood,DS likelihood,DS likelihood,DS likelihood
,probability,S,S,S,S,S,S
, ,0,1_1,2_1,3_1,4_1,4_2
0,0.02,0.12244897959183676,0.12244897959183676,0.22448979591836726,0.20408163265306128,0.32653061224489793,
