type,PGA,PGA
loc,1,1
dir,1,1
stat,median,beta
0,2.860428793128946,0.4692344854662814
