type,PGA,PGA
loc,1,1
dir,1,1
stat,median,beta
0,2.284313366674728,0.5621042103665025
