type,PGA,PGA
loc,1,1
dir,1,1
stat,median,beta
0,2.279743552149938,0.5613187716566781
