type,PGA,PGA
loc,1,1
dir,1,1
stat,median,beta
0,2.1174824971386492,0.5521338060703427
