type,PGA,PGA
loc,1,1
dir,1,1
stat,median,beta
0,2.1911819829794235,0.5494568341954483
