type,PGA,PGA
loc,1,1
dir,1,1
stat,median,beta
0,2.3563569828645443,0.49772596998366825
