type,PGA,PGA
loc,1,1
dir,1,1
stat,median,beta
0,2.874641685949332,0.48340519477742083
