type,PGA,PGA
loc,1,1
dir,1,1
stat,median,beta
0,2.8100158970174745,0.4760490242983879
