type,PGA,PGA
loc,1,1
dir,1,1
stat,median,beta
0,2.409585000667488,0.5027393021279518
