type,PGA,PGA
loc,1,1
dir,1,1
stat,median,beta
0,2.4191360904575268,0.527057979151829
