type,PGA,PGA
loc,1,1
dir,1,1
stat,median,beta
0,2.077390226038013,0.552160836278517
