type,PGA,PGA
loc,1,1
dir,1,1
stat,median,beta
0,2.163943196524401,0.5478982488938453
