type,PGA,PGA
loc,1,1
dir,1,1
stat,median,beta
0,2.3050393945075154,0.4922242848050415
