type,PGA,PGA
loc,1,1
dir,1,1
stat,median,beta
0,1.9706719673902215,0.5625736374695867
