type,PGA,PGA
loc,1,1
dir,1,1
stat,median,beta
0,1.773453620509379,0.5630963188160973
