type,PGA,PGA
loc,1,1
dir,1,1
stat,median,beta
0,1.9569350006286679,0.5737987020408457
