type,PGA,PGA
loc,1,1
dir,1,1
stat,median,beta
0,2.9218861215382788,0.5235844043145007
