type,PGA,PGA
loc,1,1
dir,1,1
stat,median,beta
0,2.3187274164817984,0.5344116832906574
