type,PGA,PGA
loc,1,1
dir,1,1
stat,median,beta
0,2.1837577157989685,0.5442524751832344
