type,PGA,PGA
loc,1,1
dir,1,1
stat,median,beta
0,2.143895006415593,0.5562650132341019
