type,PGA,PGA
loc,1,1
dir,1,1
stat,median,beta
0,2.132322423732772,0.5229426396400748
