type,PGA,PGA
loc,1,1
dir,1,1
stat,median,beta
0,2.3089840240973962,0.4908432558845303
