type,PGA,PGA
loc,1,1
dir,1,1
stat,median,beta
0,2.163842133904283,0.5395010522859063
