type,PGA,PGA
loc,1,1
dir,1,1
stat,median,beta
0,2.326204087804553,0.5845622378875399
