type,PGA,PGA
loc,1,1
dir,1,1
stat,median,beta
0,2.9809357596299337,0.493025452139904
