type,PGA,PGA
loc,1,1
dir,1,1
stat,median,beta
0,2.1061764685078437,0.5569013606531205
