type,PGA,PGA
loc,1,1
dir,1,1
stat,median,beta
0,2.1672698529667196,0.554742448743906
