type,PGA,PGA
loc,1,1
dir,1,1
stat,median,beta
0,2.329803184960209,0.4760011985939443
