type,PGA,PGA
loc,1,1
dir,1,1
stat,median,beta
0,2.0886784493276025,0.5391241676953376
