type,PGA,PGA
loc,1,1
dir,1,1
stat,median,beta
0,2.8162242908673,0.49877852798239725
