type,PGA,PGA
loc,1,1
dir,1,1
stat,median,beta
0,2.1694414242171787,0.5676344271962314
