type,PGA,PGA
loc,1,1
dir,1,1
stat,median,beta
0,2.370396284027617,0.5216029362553661
