type,PGA,PGA
loc,1,1
dir,1,1
stat,median,beta
0,2.347312986947923,0.49691026405788347
