type,PGA,PGA
loc,1,1
dir,1,1
stat,median,beta
0,2.0818452777807845,0.49507368417722625
