type,PGA,PGA
loc,1,1
dir,1,1
stat,median,beta
0,2.8011646474848653,0.48515623720447576
