type,PGA,PGA
loc,1,1
dir,1,1
stat,median,beta
0,2.34660349762572,0.5198035314974403
