type,PGA,PGA
loc,1,1
dir,1,1
stat,median,beta
0,2.438614681732754,0.49471435011541354
