type,PGA,PGA
loc,1,1
dir,1,1
stat,median,beta
0,2.1191340911875427,0.554744734716905
