type,PGA,PGA
loc,1,1
dir,1,1
stat,median,beta
0,2.5223560864783883,0.44857556799580395
