type,PGA,PGA
loc,1,1
dir,1,1
stat,median,beta
0,2.850056030899257,0.45287069966253957
