type,PGA,PGA
loc,1,1
dir,1,1
stat,median,beta
0,2.7174090570193643,0.4950383808782725
