type,PGA,PGA
loc,1,1
dir,1,1
stat,median,beta
0,2.4669811387088494,0.5070181873784217
