type,PGA,PGA
loc,1,1
dir,1,1
stat,median,beta
0,1.9067771967440863,0.5948180368889666
