type,PGA,PGA
loc,1,1
dir,1,1
stat,median,beta
0,2.9856283505921937,0.49646463760411774
