,Collapse,DS likelihood,DS likelihood,DS likelihood,DS likelihood,DS likelihood,DS likelihood
,probability,S,S,S,S,S,S
, ,0,1_1,2_1,3_1,4_1,4_2
0,0.02,0.26530612244897955,0.08163265306122458,0.3061224489795918,0.16326530612244897,0.1836734693877551,
