type,PGA,PGA
loc,1,1
dir,1,1
stat,median,beta
0,2.3230383928872556,0.5287243478219884
