type,PGA,PGA
loc,1,1
dir,1,1
stat,median,beta
0,2.3726019376214014,0.5145361758381701
