type,PGA,PGA
loc,1,1
dir,1,1
stat,median,beta
0,2.650337157553513,0.41694512439484455
