type,PGA,PGA
loc,1,1
dir,1,1
stat,median,beta
0,2.016182828194064,0.5735968222823992
