type,PGA,PGA
loc,1,1
dir,1,1
stat,median,beta
0,2.7694947084135926,0.48089803769486356
