type,PGA,PGA
loc,1,1
dir,1,1
stat,median,beta
0,2.1310067795906757,0.5729097917561753
