type,PGA,PGA
loc,1,1
dir,1,1
stat,median,beta
0,2.55036003364697,0.4746395947043502
