type,PGA,PGA
loc,1,1
dir,1,1
stat,median,beta
0,2.154987547580122,0.5602302838183217
