type,PGA,PGA
loc,1,1
dir,1,1
stat,median,beta
0,2.6895178928574732,0.45872353127698257
