type,PGA,PGA
loc,1,1
dir,1,1
stat,median,beta
0,2.327111309401274,0.5108867809318641
