type,PGA,PGA
loc,1,1
dir,1,1
stat,median,beta
0,2.713665976071815,0.4241472472215343
