type,PGA,PGA
loc,1,1
dir,1,1
stat,median,beta
0,2.384425800483309,0.5572976871858694
