type,PGA,PGA
loc,1,1
dir,1,1
stat,median,beta
0,2.680654222281201,0.5458229921494003
