type,PGA,PGA
loc,1,1
dir,1,1
stat,median,beta
0,2.716961606568001,0.4850180547315447
