type,PGA,PGA
loc,1,1
dir,1,1
stat,median,beta
0,2.0368287318198117,0.5283889301700346
