type,PGA,PGA
loc,1,1
dir,1,1
stat,median,beta
0,2.440870470210695,0.47721897549377273
