type,PGA,PGA
loc,1,1
dir,1,1
stat,median,beta
0,2.1905980639033586,0.5769675022220472
