type,PGA,PGA
loc,1,1
dir,1,1
stat,median,beta
0,2.1423407485175776,0.5913799565053036
