type,PGA,PGA
loc,1,1
dir,1,1
stat,median,beta
0,2.559105213131591,0.41880164652176594
