type,PGA,PGA
loc,1,1
dir,1,1
stat,median,beta
0,2.7312052787663608,0.47316097555555303
