type,PGA,PGA
loc,1,1
dir,1,1
stat,median,beta
0,2.711375523179761,0.4743005768824355
