type,PGA,PGA
loc,1,1
dir,1,1
stat,median,beta
0,2.037755865791875,0.5563339760018134
