type,PGA,PGA
loc,1,1
dir,1,1
stat,median,beta
0,2.228766235662105,0.5643300496783538
