type,PGA,PGA
loc,1,1
dir,1,1
stat,median,beta
0,2.3301822386118727,0.580496825425325
