type,PGA,PGA
loc,1,1
dir,1,1
stat,median,beta
0,2.803209937507982,0.4764637485333209
