type,PGA,PGA
loc,1,1
dir,1,1
stat,median,beta
0,2.298521509377548,0.533079773975235
