type,PGA,PGA
loc,1,1
dir,1,1
stat,median,beta
0,2.6800545608289337,0.42315599643956603
