type,PGA,PGA
loc,1,1
dir,1,1
stat,median,beta
0,2.2964641525071903,0.5641771676407682
