type,PGA,PGA
loc,1,1
dir,1,1
stat,median,beta
0,2.2758529065083097,0.5558190387548707
