type,PGA,PGA
loc,1,1
dir,1,1
stat,median,beta
0,2.764102566254498,0.5263072956403889
