type,PGA,PGA
loc,1,1
dir,1,1
stat,median,beta
0,2.036670030352849,0.5613828637005103
