type,PGA,PGA
loc,1,1
dir,1,1
stat,median,beta
0,2.337259979463014,0.4950039694399769
