type,PGA,PGA
loc,1,1
dir,1,1
stat,median,beta
0,2.1711650020158757,0.5530163553778991
