type,PGA,PGA
loc,1,1
dir,1,1
stat,median,beta
0,2.02518509153935,0.5542616252459617
