type,PGA,PGA
loc,1,1
dir,1,1
stat,median,beta
0,2.7070612014449695,0.47469078095698325
