type,PGA,PGA
loc,1,1
dir,1,1
stat,median,beta
0,2.2212641511435516,0.5442245089808692
