type,PGA,PGA
loc,1,1
dir,1,1
stat,median,beta
0,2.8675129854147183,0.48650716100935687
