type,PGA,PGA
loc,1,1
dir,1,1
stat,median,beta
0,2.7221980591882318,0.42926293072127886
