type,PGA,PGA
loc,1,1
dir,1,1
stat,median,beta
0,2.2970837587490243,0.5307213839493936
