type,PGA,PGA
loc,1,1
dir,1,1
stat,median,beta
0,1.8106694512923411,0.5678667484567166
