type,PGA,PGA
loc,1,1
dir,1,1
stat,median,beta
0,2.0452830612239006,0.5853777379811559
