type,PGA,PGA
loc,1,1
dir,1,1
stat,median,beta
0,2.6083407377356913,0.4666010409149417
