type,PGA,PGA
loc,1,1
dir,1,1
stat,median,beta
0,1.8806793833800062,0.5820985745744384
