type,PGA,PGA
loc,1,1
dir,1,1
stat,median,beta
0,2.3117717986262316,0.5534348381138452
