type,PGA,PGA
loc,1,1
dir,1,1
stat,median,beta
0,1.8107145385237295,0.5782436788308012
