type,PGA,PGA
loc,1,1
dir,1,1
stat,median,beta
0,2.7994220107411376,0.48230461531178914
