type,PGA,PGA
loc,1,1
dir,1,1
stat,median,beta
0,2.6725283888061924,0.4208595633737365
