type,PGA,PGA
loc,1,1
dir,1,1
stat,median,beta
0,2.207217817392884,0.5228553709953461
