type,PGA,PGA
loc,1,1
dir,1,1
stat,median,beta
0,2.1199107082043813,0.531241680689521
