type,PGA,PGA
loc,1,1
dir,1,1
stat,median,beta
0,2.1477537419100976,0.5361857012670764
