type,PGA,PGA
loc,1,1
dir,1,1
stat,median,beta
0,2.118429093935949,0.5541522379514481
