type,PGA,PGA
loc,1,1
dir,1,1
stat,median,beta
0,2.7025355098961974,0.48267974641163114
