,Collapse,DS likelihood,DS likelihood,DS likelihood,DS likelihood,DS likelihood,DS likelihood
,probability,S,S,S,S,S,S
, ,0,1_1,2_1,3_1,4_1,4_2
0,0.02,0.4285714285714286,0.08163265306122447,0.22448979591836732,0.163265306122449,0.10204081632653061,
