type,PGA,PGA
loc,1,1
dir,1,1
stat,median,beta
0,2.6833715311223774,0.4225340661674745
