type,PGA,PGA
loc,1,1
dir,1,1
stat,median,beta
0,2.842171841486688,0.5072462695122275
