type,PGA,PGA
loc,1,1
dir,1,1
stat,median,beta
0,2.778425176702064,0.46316393299915776
