type,PGA,PGA
loc,1,1
dir,1,1
stat,median,beta
0,2.7474811933613497,0.468654663514712
