type,PGA,PGA
loc,1,1
dir,1,1
stat,median,beta
0,2.341304829001392,0.5143736067282292
