type,PGA,PGA
loc,1,1
dir,1,1
stat,median,beta
0,2.070395822632735,0.5856165169907688
