type,PGA,PGA
loc,1,1
dir,1,1
stat,median,beta
0,2.1579086948896866,0.5591424193743971
