type,PGA,PGA
loc,1,1
dir,1,1
stat,median,beta
0,1.860772813092431,0.5693507743760767
