type,PGA,PGA
loc,1,1
dir,1,1
stat,median,beta
0,2.761065464337239,0.4620109559293693
