type,PGA,PGA
loc,1,1
dir,1,1
stat,median,beta
0,2.4134583324337067,0.5246788893595046
