type,PGA,PGA
loc,1,1
dir,1,1
stat,median,beta
0,2.382662177903044,0.5590874425470908
