type,PGA,PGA
loc,1,1
dir,1,1
stat,median,beta
0,2.1264217077007572,0.5562343484542202
