type,PGA,PGA
loc,1,1
dir,1,1
stat,median,beta
0,1.9436552145886539,0.5769560357228422
