type,PGA,PGA
loc,1,1
dir,1,1
stat,median,beta
0,2.123650817766533,0.572952027614256
