type,PGA,PGA
loc,1,1
dir,1,1
stat,median,beta
0,2.866494210353801,0.4998306401862124
