type,PGA,PGA
loc,1,1
dir,1,1
stat,median,beta
0,2.7973743583969064,0.46061175636375046
