type,PGA,PGA
loc,1,1
dir,1,1
stat,median,beta
0,2.122371253916377,0.5893258243063663
