type,PGA,PGA
loc,1,1
dir,1,1
stat,median,beta
0,2.259668050534316,0.5782611175943856
