type,PGA,PGA
loc,1,1
dir,1,1
stat,median,beta
0,2.1944417383575177,0.5643042288853887
