type,PGA,PGA
loc,1,1
dir,1,1
stat,median,beta
0,2.668446322852594,0.47537002655386495
