type,PGA,PGA
loc,1,1
dir,1,1
stat,median,beta
0,2.1247579534403966,0.5331844621508345
