type,PGA,PGA
loc,1,1
dir,1,1
stat,median,beta
0,2.256048962895219,0.4980018361518178
