type,PGA,PGA
loc,1,1
dir,1,1
stat,median,beta
0,2.18415867224543,0.5469994432847696
