type,PGA,PGA
loc,1,1
dir,1,1
stat,median,beta
0,2.3112188000523215,0.5691204350046584
