type,PGA,PGA
loc,1,1
dir,1,1
stat,median,beta
0,2.2695801144653895,0.5595323090788787
