type,PGA,PGA
loc,1,1
dir,1,1
stat,median,beta
0,2.1030491326166234,0.5564663161846578
