type,PGA,PGA
loc,1,1
dir,1,1
stat,median,beta
0,2.8098655532587955,0.479229745490512
