type,PGA,PGA
loc,1,1
dir,1,1
stat,median,beta
0,2.6707043737107785,0.46923834740198145
