type,PGA,PGA
loc,1,1
dir,1,1
stat,median,beta
0,1.7822093311390756,0.5742094171480381
