type,PGA,PGA
loc,1,1
dir,1,1
stat,median,beta
0,1.8372474794395626,0.5772244294345205
