type,PGA,PGA
loc,1,1
dir,1,1
stat,median,beta
0,2.169259938208989,0.5365196213229148
