type,PGA,PGA
loc,1,1
dir,1,1
stat,median,beta
0,2.7049823514402664,0.42619038240266655
