type,PGA,PGA
loc,1,1
dir,1,1
stat,median,beta
0,2.2019325368511478,0.5648395373729402
