type,PGA,PGA
loc,1,1
dir,1,1
stat,median,beta
0,2.2535823632033347,0.5778731975900603
