type,PGA,PGA
loc,1,1
dir,1,1
stat,median,beta
0,1.9857658440550945,0.5889261001456252
