type,PGA,PGA
loc,1,1
dir,1,1
stat,median,beta
0,2.7899302677246034,0.5028189443113686
