type,PGA,PGA
loc,1,1
dir,1,1
stat,median,beta
0,2.226834048835399,0.5343788043769646
