type,PGA,PGA
loc,1,1
dir,1,1
stat,median,beta
0,2.5420621701462567,0.51468409951385
