type,PGA,PGA
loc,1,1
dir,1,1
stat,median,beta
0,2.336948329423733,0.495799150241053
