type,PGA,PGA
loc,1,1
dir,1,1
stat,median,beta
0,2.914295377776011,0.4708167151937489
