type,PGA,PGA
loc,1,1
dir,1,1
stat,median,beta
0,2.124519361782155,0.5776142707003747
