type,PGA,PGA
loc,1,1
dir,1,1
stat,median,beta
0,2.483872065982546,0.4827774806768757
