type,PGA,PGA
loc,1,1
dir,1,1
stat,median,beta
0,2.548954617237065,0.5569628652086234
