type,PGA,PGA
loc,1,1
dir,1,1
stat,median,beta
0,2.1798079681852247,0.5499239354084625
