type,PGA,PGA
loc,1,1
dir,1,1
stat,median,beta
0,2.727897551005791,0.47627165604370364
