type,PGA,PGA
loc,1,1
dir,1,1
stat,median,beta
0,2.3263266759565497,0.48339880966923127
