type,PGA,PGA
loc,1,1
dir,1,1
stat,median,beta
0,2.376530675476574,0.49490012434976394
