type,PGA,PGA
loc,1,1
dir,1,1
stat,median,beta
0,2.3975319715872825,0.5199352204270327
