type,PGA,PGA
loc,1,1
dir,1,1
stat,median,beta
0,1.9339343568640208,0.5668828160981441
