type,PGA,PGA
loc,1,1
dir,1,1
stat,median,beta
0,2.7947149599853462,0.4281938346756462
