type,PGA,PGA
loc,1,1
dir,1,1
stat,median,beta
0,1.9041663661217507,0.5625284312782098
