type,PGA,PGA
loc,1,1
dir,1,1
stat,median,beta
0,2.739404555130927,0.46360280787707203
