type,PGA,PGA
loc,1,1
dir,1,1
stat,median,beta
0,1.8049637214413874,0.5723633183063499
