type,PGA,PGA
loc,1,1
dir,1,1
stat,median,beta
0,2.7613115476822143,0.4951771200973676
