,Collapse,DS likelihood,DS likelihood,DS likelihood,DS likelihood,DS likelihood,DS likelihood
,probability,S,S,S,S,S,S
, ,0,1_1,2_1,3_1,4_1,4_2
0,0.02,0.5918367346938775,0.08163265306122452,0.1224489795918367,0.163265306122449,0.04081632653061224,
