type,PGA,PGA
loc,1,1
dir,1,1
stat,median,beta
0,1.7856365024145715,0.5744362721145823
