type,PGA,PGA
loc,1,1
dir,1,1
stat,median,beta
0,2.8221562939154623,0.47847765449360846
