type,PGA,PGA
loc,1,1
dir,1,1
stat,median,beta
0,2.287561821048275,0.5444316122172765
