type,PGA,PGA
loc,1,1
dir,1,1
stat,median,beta
0,2.3051831225823944,0.5303832186034585
