type,PGA,PGA
loc,1,1
dir,1,1
stat,median,beta
0,2.1184885464389085,0.5256963840728456
