type,PGA,PGA
loc,1,1
dir,1,1
stat,median,beta
0,2.3324094590631566,0.4915425161880944
