type,PGA,PGA
loc,1,1
dir,1,1
stat,median,beta
0,2.2019103786446026,0.578374323553036
