type,PGA,PGA
loc,1,1
dir,1,1
stat,median,beta
0,2.285093933594788,0.5141232566902051
