type,PGA,PGA
loc,1,1
dir,1,1
stat,median,beta
0,2.4367170559320828,0.45863969903243984
