type,PGA,PGA
loc,1,1
dir,1,1
stat,median,beta
0,2.11690745394076,0.5694766434096549
