type,PGA,PGA
loc,1,1
dir,1,1
stat,median,beta
0,2.0668550802861847,0.5609909830875888
