type,PGA,PGA
loc,1,1
dir,1,1
stat,median,beta
0,2.63802801433197,0.4147241619592133
