,Collapse,DS likelihood,DS likelihood,DS likelihood,DS likelihood,DS likelihood,DS likelihood
,probability,S,S,S,S,S,S
, ,0,1_1,2_1,3_1,4_1,4_2
0,0.04,0.35416666666666663,0.18750000000000006,0.22916666666666666,0.14583333333333331,0.08333333333333333,
