type,PGA,PGA
loc,1,1
dir,1,1
stat,median,beta
0,2.184237126265776,0.5259313429576211
