type,PGA,PGA
loc,1,1
dir,1,1
stat,median,beta
0,2.7765657426231574,0.4508235525483614
