type,PGA,PGA
loc,1,1
dir,1,1
stat,median,beta
0,2.681002572893758,0.46909650263505964
