type,PGA,PGA
loc,1,1
dir,1,1
stat,median,beta
0,2.091198306735367,0.5692010782298664
