type,PGA,PGA
loc,1,1
dir,1,1
stat,median,beta
0,2.366468186374459,0.5094885558787119
