type,PGA,PGA
loc,1,1
dir,1,1
stat,median,beta
0,2.85056416212218,0.49222825806955306
