type,PGA,PGA
loc,1,1
dir,1,1
stat,median,beta
0,2.173589509531903,0.5387594276397152
