type,PGA,PGA
loc,1,1
dir,1,1
stat,median,beta
0,2.7914756779810537,0.46387181203570477
