type,PGA,PGA
loc,1,1
dir,1,1
stat,median,beta
0,2.281147250735008,0.5094174800832151
