type,PGA,PGA
loc,1,1
dir,1,1
stat,median,beta
0,2.37877400553511,0.5328667585527492
