type,PGA,PGA
loc,1,1
dir,1,1
stat,median,beta
0,1.8387114727217035,0.5807628162964555
