type,PGA,PGA
loc,1,1
dir,1,1
stat,median,beta
0,2.5043266816420564,0.49441651004215104
