type,PGA,PGA
loc,1,1
dir,1,1
stat,median,beta
0,1.8595244813523015,0.5768506903300152
