type,PGA,PGA
loc,1,1
dir,1,1
stat,median,beta
0,2.2453476223151547,0.5832152323154318
