type,PGA,PGA
loc,1,1
dir,1,1
stat,median,beta
0,2.673293135495026,0.46751773545947706
