,Collapse,DS likelihood,DS likelihood,DS likelihood,DS likelihood,DS likelihood,DS likelihood
,probability,S,S,S,S,S,S
, ,0,1_1,2_1,3_1,4_1,4_2
0,0.02,0.1428571428571429,0.1428571428571428,0.24489795918367346,0.2448979591836735,0.22448979591836735,
