type,PGA,PGA
loc,1,1
dir,1,1
stat,median,beta
0,2.491492372615558,0.47899332435339464
