type,PGA,PGA
loc,1,1
dir,1,1
stat,median,beta
0,2.495456321006734,0.5847773172939609
