type,PGA,PGA
loc,1,1
dir,1,1
stat,median,beta
0,2.477494880227625,0.48462439940278607
