type,PGA,PGA
loc,1,1
dir,1,1
stat,median,beta
0,2.1690663554041727,0.5233701605015607
