type,PGA,PGA
loc,1,1
dir,1,1
stat,median,beta
0,2.3681557572509284,0.5649791074741131
