type,PGA,PGA
loc,1,1
dir,1,1
stat,median,beta
0,2.1981754751192892,0.5599405526108369
