type,PGA,PGA
loc,1,1
dir,1,1
stat,median,beta
0,2.7311622250463095,0.4470564491630004
