,Collapse,DS likelihood,DS likelihood,DS likelihood,DS likelihood,DS likelihood,DS likelihood
,probability,S,S,S,S,S,S
, ,0,1_1,2_1,3_1,4_1,4_2
0,0.02,0.1428571428571429,0.061224489795918324,0.30612244897959184,0.24489795918367346,0.24489795918367346,
