type,PGA,PGA
loc,1,1
dir,1,1
stat,median,beta
0,2.898219302378939,0.5027147782644454
