type,PGA,PGA
loc,1,1
dir,1,1
stat,median,beta
0,2.417288851150981,0.4790863236576928
