type,PGA,PGA
loc,1,1
dir,1,1
stat,median,beta
0,2.766363858417443,0.47242259317769814
