type,PGA,PGA
loc,1,1
dir,1,1
stat,median,beta
0,2.433255822231107,0.49770979758678857
