type,PGA,PGA
loc,1,1
dir,1,1
stat,median,beta
0,1.9919949312037972,0.6034410483596276
