type,PGA,PGA
loc,1,1
dir,1,1
stat,median,beta
0,1.9895500564287858,0.5836896240580118
