type,PGA,PGA
loc,1,1
dir,1,1
stat,median,beta
0,1.778884405623678,0.5796777796549589
