type,PGA,PGA
loc,1,1
dir,1,1
stat,median,beta
0,2.2089233104770294,0.5088537724467963
