,Collapse,DS likelihood,DS likelihood,DS likelihood,DS likelihood,DS likelihood,DS likelihood
,probability,S,S,S,S,S,S
, ,0,1_1,2_1,3_1,4_1,4_2
0,0.02,0.34693877551020413,0.20408163265306117,0.18367346938775508,0.20408163265306123,0.061224489795918366,
