type,PGA,PGA
loc,1,1
dir,1,1
stat,median,beta
0,2.6962785684688253,0.46092362020190064
