type,PGA,PGA
loc,1,1
dir,1,1
stat,median,beta
0,2.6669641147184637,0.47073070237907916
