type,PGA,PGA
loc,1,1
dir,1,1
stat,median,beta
0,2.160961172316548,0.546962026947302
