type,PGA,PGA
loc,1,1
dir,1,1
stat,median,beta
0,2.784976208313419,0.4785068801763464
