type,PGA,PGA
loc,1,1
dir,1,1
stat,median,beta
0,2.335457994136098,0.4937855058177671
