type,PGA,PGA
loc,1,1
dir,1,1
stat,median,beta
0,2.302535538713873,0.5503996514131682
