type,PGA,PGA
loc,1,1
dir,1,1
stat,median,beta
0,2.1852456394835134,0.5558888263951345
