type,PGA,PGA
loc,1,1
dir,1,1
stat,median,beta
0,2.5017184409056386,0.47831031850388633
