type,PGA,PGA
loc,1,1
dir,1,1
stat,median,beta
0,2.6748968487551243,0.484468908284492
