type,PGA,PGA
loc,1,1
dir,1,1
stat,median,beta
0,2.2756919179463546,0.563787710392149
