type,PGA,PGA
loc,1,1
dir,1,1
stat,median,beta
0,2.0193497467259456,0.5557221813250008
