type,PGA,PGA
loc,1,1
dir,1,1
stat,median,beta
0,2.435153070079325,0.47666245401332413
