type,PGA,PGA
loc,1,1
dir,1,1
stat,median,beta
0,2.176632159761048,0.5459416947793796
