type,PGA,PGA
loc,1,1
dir,1,1
stat,median,beta
0,2.2456938196865623,0.5203098913390517
