type,PGA,PGA
loc,1,1
dir,1,1
stat,median,beta
0,2.3162691096850434,0.5097080323080087
