type,PGA,PGA
loc,1,1
dir,1,1
stat,median,beta
0,2.751526262661483,0.46663912192758994
