type,PGA,PGA
loc,1,1
dir,1,1
stat,median,beta
0,2.0810093567557173,0.5120837166603185
