type,PGA,PGA
loc,1,1
dir,1,1
stat,median,beta
0,2.154587542614756,0.5714492816932615
