type,PGA,PGA
loc,1,1
dir,1,1
stat,median,beta
0,2.4484872235788924,0.49376246660164863
