type,PGA,PGA
loc,1,1
dir,1,1
stat,median,beta
0,2.3329654935868884,0.5011173169413224
