type,PGA,PGA
loc,1,1
dir,1,1
stat,median,beta
0,2.214050793333015,0.5621299872641143
