type,PGA,PGA
loc,1,1
dir,1,1
stat,median,beta
0,1.8791347128871636,0.5733493775892657
