type,PGA,PGA
loc,1,1
dir,1,1
stat,median,beta
0,2.416267229572294,0.5112147371012804
