type,PGA,PGA
loc,1,1
dir,1,1
stat,median,beta
0,1.8366283314787868,0.5658972841280226
