type,PGA,PGA
loc,1,1
dir,1,1
stat,median,beta
0,2.1503338926462345,0.5566969052850945
