type,PGA,PGA
loc,1,1
dir,1,1
stat,median,beta
0,2.2365625243337925,0.5473486583999545
