,Collapse,DS likelihood,DS likelihood,DS likelihood,DS likelihood,DS likelihood,DS likelihood
,probability,S,S,S,S,S,S
, ,0,1_1,2_1,3_1,4_1,4_2
0,0.02,0.34693877551020413,0.28571428571428564,0.2653061224489796,0.0816326530612245,0.02040816326530612,
