type,PGA,PGA
loc,1,1
dir,1,1
stat,median,beta
0,2.7869131681422643,0.47578618118198396
