type,PGA,PGA
loc,1,1
dir,1,1
stat,median,beta
0,2.4573454978048566,0.49721945415626223
