type,PGA,PGA
loc,1,1
dir,1,1
stat,median,beta
0,2.708122001919609,0.47176450499978395
