type,PGA,PGA
loc,1,1
dir,1,1
stat,median,beta
0,1.8106266273500529,0.561183127151464
