type,PGA,PGA
loc,1,1
dir,1,1
stat,median,beta
0,2.2043352517393418,0.5119626486600644
