type,PGA,PGA
loc,1,1
dir,1,1
stat,median,beta
0,2.726827201077753,0.4732809157776718
