type,PGA,PGA
loc,1,1
dir,1,1
stat,median,beta
0,2.26464512595113,0.5080246665978517
