type,PGA,PGA
loc,1,1
dir,1,1
stat,median,beta
0,2.2802729739876453,0.5453313571885734
