type,PGA,PGA
loc,1,1
dir,1,1
stat,median,beta
0,2.278891755031715,0.5064460080385885
