,Collapse,DS likelihood,DS likelihood,DS likelihood,DS likelihood,DS likelihood,DS likelihood
,probability,S,S,S,S,S,S
, ,0,1_1,2_1,3_1,4_1,4_2
0,0.02,0.3877551020408163,0.163265306122449,0.24489795918367346,0.12244897959183675,0.08163265306122448,
