type,PGA,PGA
loc,1,1
dir,1,1
stat,median,beta
0,2.248653719340375,0.532877784153859
