type,PGA,PGA
loc,1,1
dir,1,1
stat,median,beta
0,2.352817409946266,0.5064142101779907
