type,PGA,PGA
loc,1,1
dir,1,1
stat,median,beta
0,1.9661089530517157,0.5914411768582594
