type,PGA,PGA
loc,1,1
dir,1,1
stat,median,beta
0,2.808720789539425,0.4714989101752248
