type,PGA,PGA
loc,1,1
dir,1,1
stat,median,beta
0,2.843422915124744,0.47310098652272137
