type,PGA,PGA
loc,1,1
dir,1,1
stat,median,beta
0,1.9744868215784421,0.5782134121774505
