type,PGA,PGA
loc,1,1
dir,1,1
stat,median,beta
0,2.453913261167911,0.4727203498226791
