type,PGA,PGA
loc,1,1
dir,1,1
stat,median,beta
0,2.505855739150745,0.48140047306721667
