type,PGA,PGA
loc,1,1
dir,1,1
stat,median,beta
0,2.3942740339239226,0.4861552731757974
