type,PGA,PGA
loc,1,1
dir,1,1
stat,median,beta
0,2.8462507918190534,0.4813980206849889
