type,PGA,PGA
loc,1,1
dir,1,1
stat,median,beta
0,2.019433064776251,0.5818640941715767
