type,PGA,PGA
loc,1,1
dir,1,1
stat,median,beta
0,2.0205711829822963,0.5884473853484208
