type,PGA,PGA
loc,1,1
dir,1,1
stat,median,beta
0,2.840400901956579,0.48525289041436226
