type,PGA,PGA
loc,1,1
dir,1,1
stat,median,beta
0,2.2298062189478207,0.59366695411266
