type,PGA,PGA
loc,1,1
dir,1,1
stat,median,beta
0,1.88594198263815,0.594309500372793
