type,PGA,PGA
loc,1,1
dir,1,1
stat,median,beta
0,2.839819763170829,0.48647868886707646
