type,PGA,PGA
loc,1,1
dir,1,1
stat,median,beta
0,2.228709548106005,0.5748231466440004
