type,PGA,PGA
loc,1,1
dir,1,1
stat,median,beta
0,1.9695985182388018,0.5803364638983515
