type,PGA,PGA
loc,1,1
dir,1,1
stat,median,beta
0,2.2840597911444585,0.5547186063597033
