type,PGA,PGA
loc,1,1
dir,1,1
stat,median,beta
0,2.3637207436386185,0.5050708183002204
