type,PGA,PGA
loc,1,1
dir,1,1
stat,median,beta
0,2.6449422258292845,0.4741614512688582
