type,PGA,PGA
loc,1,1
dir,1,1
stat,median,beta
0,2.8192668851176155,0.4767340306124097
