type,PGA,PGA
loc,1,1
dir,1,1
stat,median,beta
0,2.789851989240444,0.4683128324457263
