type,PGA,PGA
loc,1,1
dir,1,1
stat,median,beta
0,2.7344094666799403,0.43480810643553597
