type,PGA,PGA
loc,1,1
dir,1,1
stat,median,beta
0,2.6978037194396505,0.45435023842022865
