type,PGA,PGA
loc,1,1
dir,1,1
stat,median,beta
0,2.4876647253609,0.49030770170315835
