type,PGA,PGA
loc,1,1
dir,1,1
stat,median,beta
0,2.6336278800422814,0.4888103300715034
