type,PGA,PGA
loc,1,1
dir,1,1
stat,median,beta
0,2.785937658995258,0.4928271354317858
