,Collapse,DS likelihood,DS likelihood,DS likelihood,DS likelihood,DS likelihood,DS likelihood
,probability,S,S,S,S,S,S
, ,0,1_1,2_1,3_1,4_1,4_2
0,0.02,0.40816326530612246,0.18367346938775508,0.22448979591836735,0.10204081632653063,0.08163265306122448,
