type,PGA,PGA
loc,1,1
dir,1,1
stat,median,beta
0,2.3032762273108203,0.5632691393528134
