type,PGA,PGA
loc,1,1
dir,1,1
stat,median,beta
0,2.202992360431763,0.5072505543341678
