type,PGA,PGA
loc,1,1
dir,1,1
stat,median,beta
0,2.5160834228504605,0.5565545184179731
