type,PGA,PGA
loc,1,1
dir,1,1
stat,median,beta
0,2.4929947277182594,0.5108551821833778
