type,PGA,PGA
loc,1,1
dir,1,1
stat,median,beta
0,2.264775141626357,0.5695013307249038
