type,PGA,PGA
loc,1,1
dir,1,1
stat,median,beta
0,2.2749205548925664,0.5036421673973676
