type,PGA,PGA
loc,1,1
dir,1,1
stat,median,beta
0,2.4801689868138452,0.5163027964429117
