type,PGA,PGA
loc,1,1
dir,1,1
stat,median,beta
0,2.079457034210103,0.5489916507320748
