type,PGA,PGA
loc,1,1
dir,1,1
stat,median,beta
0,2.6822923489337396,0.43537366019039697
