,Collapse,DS likelihood,DS likelihood,DS likelihood,DS likelihood,DS likelihood,DS likelihood
,probability,S,S,S,S,S,S
, ,0,1_1,2_1,3_1,4_1,4_2
0,0.02,0.36734693877551017,0.3673469387755102,0.163265306122449,0.06122448979591837,0.04081632653061224,
