type,PGA,PGA
loc,1,1
dir,1,1
stat,median,beta
0,2.748630900253036,0.4744367857642242
