type,PGA,PGA
loc,1,1
dir,1,1
stat,median,beta
0,2.1711345913743223,0.5570266159099614
