type,PGA,PGA
loc,1,1
dir,1,1
stat,median,beta
0,2.814024124482504,0.46357881783112476
