type,PGA,PGA
loc,1,1
dir,1,1
stat,median,beta
0,2.6774577955049006,0.47169867285326483
