type,PGA,PGA
loc,1,1
dir,1,1
stat,median,beta
0,2.2578141996241157,0.4991824064610215
