type,PGA,PGA
loc,1,1
dir,1,1
stat,median,beta
0,2.43926750095535,0.5630387276509361
