type,PGA,PGA
loc,1,1
dir,1,1
stat,median,beta
0,2.490744490894576,0.5212636398040875
