type,PGA,PGA
loc,1,1
dir,1,1
stat,median,beta
0,2.220309556846676,0.5725887568787881
