type,PGA,PGA
loc,1,1
dir,1,1
stat,median,beta
0,2.722386234758908,0.48482016037501247
