type,PGA,PGA
loc,1,1
dir,1,1
stat,median,beta
0,1.9416058952939876,0.5533601054310119
