type,PGA,PGA
loc,1,1
dir,1,1
stat,median,beta
0,2.7590931844245254,0.4753124504362681
