type,PGA,PGA
loc,1,1
dir,1,1
stat,median,beta
0,2.81237721463013,0.48465389165451156
