type,PGA,PGA
loc,1,1
dir,1,1
stat,median,beta
0,2.188167132674958,0.49867863247846717
