type,PGA,PGA
loc,1,1
dir,1,1
stat,median,beta
0,2.0702020758688797,0.6036377164701534
