type,PGA,PGA
loc,1,1
dir,1,1
stat,median,beta
0,2.256155254007428,0.5067820290625736
