type,PGA,PGA
loc,1,1
dir,1,1
stat,median,beta
0,2.2467499918739544,0.5752860323688029
