type,PGA,PGA
loc,1,1
dir,1,1
stat,median,beta
0,2.855488262417115,0.5147409587511554
