type,PGA,PGA
loc,1,1
dir,1,1
stat,median,beta
0,2.7804578309394437,0.4682066801004495
