,Collapse,DS likelihood,DS likelihood,DS likelihood,DS likelihood,DS likelihood,DS likelihood
,probability,S,S,S,S,S,S
, ,0,1_1,2_1,3_1,4_1,4_2
0,0.06,0.25531914893617025,0.04255319148936165,0.14893617021276595,0.29787234042553196,0.2553191489361702,
