type,PGA,PGA
loc,1,1
dir,1,1
stat,median,beta
0,2.709519530804233,0.49849595643752564
