type,PGA,PGA
loc,1,1
dir,1,1
stat,median,beta
0,2.0183870683749827,0.5780293862491234
