type,PGA,PGA
loc,1,1
dir,1,1
stat,median,beta
0,2.743944492870428,0.4695280229224496
