type,PGA,PGA
loc,1,1
dir,1,1
stat,median,beta
0,2.4388449021918213,0.513636740467443
