type,PGA,PGA
loc,1,1
dir,1,1
stat,median,beta
0,2.4614610018416063,0.49999151208298975
