type,PGA,PGA
loc,1,1
dir,1,1
stat,median,beta
0,2.694065686347666,0.48130783637528307
