type,PGA,PGA
loc,1,1
dir,1,1
stat,median,beta
0,2.1978864202987975,0.5503495034168189
