type,PGA,PGA
loc,1,1
dir,1,1
stat,median,beta
0,2.3651134074873505,0.4932206629057784
