type,PGA,PGA
loc,1,1
dir,1,1
stat,median,beta
0,2.4797821968138334,0.5864382135035761
