type,PGA,PGA
loc,1,1
dir,1,1
stat,median,beta
0,2.226253038377671,0.5278924566284058
