type,PGA,PGA
loc,1,1
dir,1,1
stat,median,beta
0,2.0902394290244657,0.5632250118587622
