type,PGA,PGA
loc,1,1
dir,1,1
stat,median,beta
0,2.000507507979188,0.5468411528353134
