type,PGA,PGA
loc,1,1
dir,1,1
stat,median,beta
0,2.654201630768288,0.4579585158353892
