type,PGA,PGA
loc,1,1
dir,1,1
stat,median,beta
0,2.4285421619991663,0.5035928549331239
