type,PGA,PGA
loc,1,1
dir,1,1
stat,median,beta
0,2.1470918672294657,0.55565463141759
