type,PGA,PGA
loc,1,1
dir,1,1
stat,median,beta
0,2.5717293672468973,0.4840731918549005
