type,PGA,PGA
loc,1,1
dir,1,1
stat,median,beta
0,2.340328346559216,0.5060136709987099
