type,PGA,PGA
loc,1,1
dir,1,1
stat,median,beta
0,2.421516997143103,0.555258937153437
