type,PGA,PGA
loc,1,1
dir,1,1
stat,median,beta
0,1.8950535384899796,0.5777310598346858
