type,PGA,PGA
loc,1,1
dir,1,1
stat,median,beta
0,2.767469252851364,0.48112461129003276
