type,PGA,PGA
loc,1,1
dir,1,1
stat,median,beta
0,2.145057986438297,0.5789866812439454
