type,PGA,PGA
loc,1,1
dir,1,1
stat,median,beta
0,2.7861559921658863,0.4703829608758867
