type,PGA,PGA
loc,1,1
dir,1,1
stat,median,beta
0,2.550697672892623,0.42040701568491695
