,Collapse,DS likelihood,DS likelihood,DS likelihood,DS likelihood,DS likelihood,DS likelihood
,probability,S,S,S,S,S,S
, ,0,1_1,2_1,3_1,4_1,4_2
0,0.02,0.30612244897959184,0.061224489795918324,0.2653061224489796,0.1836734693877551,0.1836734693877551,
