type,PGA,PGA
loc,1,1
dir,1,1
stat,median,beta
0,2.296111426097718,0.5801307561418365
