type,PGA,PGA
loc,1,1
dir,1,1
stat,median,beta
0,2.740341557452151,0.4671333538092079
