type,PGA,PGA
loc,1,1
dir,1,1
stat,median,beta
0,2.1527430156549103,0.5583176871394051
