type,PGA,PGA
loc,1,1
dir,1,1
stat,median,beta
0,2.072401310122296,0.5493491745677446
