type,PGA,PGA
loc,1,1
dir,1,1
stat,median,beta
0,1.9603151459578856,0.5640117841633238
