type,PGA,PGA
loc,1,1
dir,1,1
stat,median,beta
0,2.352853153963035,0.5537909863419344
