type,PGA,PGA
loc,1,1
dir,1,1
stat,median,beta
0,2.506682555112441,0.45218142477967055
