type,PGA,PGA
loc,1,1
dir,1,1
stat,median,beta
0,2.0909905570671277,0.5542647567205811
