type,PGA,PGA
loc,1,1
dir,1,1
stat,median,beta
0,2.241524690639806,0.5766310601867565
