type,PGA,PGA
loc,1,1
dir,1,1
stat,median,beta
0,2.41104183149755,0.4875958038036092
