type,PGA,PGA
loc,1,1
dir,1,1
stat,median,beta
0,2.774869038287907,0.5079492732152647
