type,PGA,PGA
loc,1,1
dir,1,1
stat,median,beta
0,2.4321417697235845,0.48447515882824205
