type,PGA,PGA
loc,1,1
dir,1,1
stat,median,beta
0,2.695991314224157,0.46482132044269875
