type,PGA,PGA
loc,1,1
dir,1,1
stat,median,beta
0,2.437763277317319,0.4964632811850916
