type,PGA,PGA
loc,1,1
dir,1,1
stat,median,beta
0,2.7168034330715494,0.4885842572660089
