type,PGA,PGA
loc,1,1
dir,1,1
stat,median,beta
0,2.057264805830475,0.5544517235688533
