type,PGA,PGA
loc,1,1
dir,1,1
stat,median,beta
0,2.399208624931336,0.5094346787725519
