type,PGA,PGA
loc,1,1
dir,1,1
stat,median,beta
0,1.917398874287365,0.5948085948881969
