type,PGA,PGA
loc,1,1
dir,1,1
stat,median,beta
0,2.337765638729178,0.5290314535524973
