type,PGA,PGA
loc,1,1
dir,1,1
stat,median,beta
0,2.7892754841367067,0.42795385471464087
