type,PGA,PGA
loc,1,1
dir,1,1
stat,median,beta
0,2.2074209476676687,0.5488654330435996
