type,PGA,PGA
loc,1,1
dir,1,1
stat,median,beta
0,2.3360638860055967,0.49770907652949087
