type,PGA,PGA
loc,1,1
dir,1,1
stat,median,beta
0,2.2432950979639994,0.5182364340705594
