type,PGA,PGA
loc,1,1
dir,1,1
stat,median,beta
0,2.6994742830486915,0.4698408851832967
