type,PGA,PGA
loc,1,1
dir,1,1
stat,median,beta
0,2.152307321511456,0.561116428105444
