type,PGA,PGA
loc,1,1
dir,1,1
stat,median,beta
0,2.2691690097379276,0.4983827396783757
