type,PGA,PGA
loc,1,1
dir,1,1
stat,median,beta
0,2.858662925262517,0.47756262278930517
