type,PGA,PGA
loc,1,1
dir,1,1
stat,median,beta
0,2.74876785632944,0.44385864812906184
