type,PGA,PGA
loc,1,1
dir,1,1
stat,median,beta
0,2.4969527687321493,0.5203862982021624
