type,PGA,PGA
loc,1,1
dir,1,1
stat,median,beta
0,2.5172699285222557,0.4806264410758001
