type,PGA,PGA
loc,1,1
dir,1,1
stat,median,beta
0,2.804525378842766,0.46833036707488734
