type,PGA,PGA
loc,1,1
dir,1,1
stat,median,beta
0,2.669498414424397,0.496509732315421
