type,PGA,PGA
loc,1,1
dir,1,1
stat,median,beta
0,2.0877963736754337,0.5372791230361793
