type,PGA,PGA
loc,1,1
dir,1,1
stat,median,beta
0,2.4684793652210355,0.5528589143083036
