type,PGA,PGA
loc,1,1
dir,1,1
stat,median,beta
0,2.785772968354821,0.4739497858723943
