type,PGA,PGA
loc,1,1
dir,1,1
stat,median,beta
0,2.7175993718157905,0.42190814189147857
