type,PGA,PGA
loc,1,1
dir,1,1
stat,median,beta
0,2.790577146072814,0.4686412876180163
