type,PGA,PGA
loc,1,1
dir,1,1
stat,median,beta
0,2.316313880877439,0.5126924768957543
