type,PGA,PGA
loc,1,1
dir,1,1
stat,median,beta
0,2.629547424983056,0.4668796133937926
