type,PGA,PGA
loc,1,1
dir,1,1
stat,median,beta
0,1.8945407811180899,0.5722787527883678
