type,PGA,PGA
loc,1,1
dir,1,1
stat,median,beta
0,2.3182356345195743,0.5041029051730557
