type,PGA,PGA
loc,1,1
dir,1,1
stat,median,beta
0,2.3962145402481783,0.5647940229339408
