type,PGA,PGA
loc,1,1
dir,1,1
stat,median,beta
0,2.2602250692479107,0.523039329209473
