type,PGA,PGA
loc,1,1
dir,1,1
stat,median,beta
0,2.27375940069858,0.5386074538855824
