type,PGA,PGA
loc,1,1
dir,1,1
stat,median,beta
0,2.8781006068572967,0.4117199675767797
