type,PGA,PGA
loc,1,1
dir,1,1
stat,median,beta
0,2.1633742809935534,0.5524597542548229
