type,PGA,PGA
loc,1,1
dir,1,1
stat,median,beta
0,2.2891144942346813,0.5726986406060438
