type,PGA,PGA
loc,1,1
dir,1,1
stat,median,beta
0,2.5215565441033885,0.5536536098070597
