type,PGA,PGA
loc,1,1
dir,1,1
stat,median,beta
0,1.7134091185852047,0.5760484385011171
