type,PGA,PGA
loc,1,1
dir,1,1
stat,median,beta
0,2.738196512263198,0.45829558914949875
