,Collapse,DS likelihood,DS likelihood,DS likelihood,DS likelihood,DS likelihood,DS likelihood
,probability,S,S,S,S,S,S
, ,0,1_1,2_1,3_1,4_1,4_2
0,0.02,0.44897959183673475,0.26530612244897955,0.18367346938775508,0.04081632653061225,0.061224489795918366,
