type,PGA,PGA
loc,1,1
dir,1,1
stat,median,beta
0,2.4108388415868465,0.49822488357126643
