type,PGA,PGA
loc,1,1
dir,1,1
stat,median,beta
0,2.700076212723932,0.43123782378746384
