type,PGA,PGA
loc,1,1
dir,1,1
stat,median,beta
0,2.7083861074354703,0.4784252988044553
