type,PGA,PGA
loc,1,1
dir,1,1
stat,median,beta
0,2.242288000327309,0.546659703651611
