type,PGA,PGA
loc,1,1
dir,1,1
stat,median,beta
0,2.6525446942950057,0.5072629837099286
