type,PGA,PGA
loc,1,1
dir,1,1
stat,median,beta
0,1.899448197690634,0.5805322230819011
