type,PGA,PGA
loc,1,1
dir,1,1
stat,median,beta
0,2.4409436729746448,0.4828324351384778
