type,PGA,PGA
loc,1,1
dir,1,1
stat,median,beta
0,2.858357443962464,0.4874975507958633
