type,PGA,PGA
loc,1,1
dir,1,1
stat,median,beta
0,2.1087173745527843,0.5706611650992139
