type,PGA,PGA
loc,1,1
dir,1,1
stat,median,beta
0,2.335877484293168,0.5298107232745903
