type,PGA,PGA
loc,1,1
dir,1,1
stat,median,beta
0,2.0454170309306687,0.5903364184831229
