type,PGA,PGA
loc,1,1
dir,1,1
stat,median,beta
0,2.0491417303226824,0.5730845257232572
