type,PGA,PGA
loc,1,1
dir,1,1
stat,median,beta
0,2.149653103318988,0.5336229635824797
