type,PGA,PGA
loc,1,1
dir,1,1
stat,median,beta
0,2.239476140049329,0.5745143852340043
