type,PGA,PGA
loc,1,1
dir,1,1
stat,median,beta
0,1.836581870412858,0.5685819934317803
