,Collapse,DS likelihood,DS likelihood,DS likelihood,DS likelihood,DS likelihood,DS likelihood
,probability,S,S,S,S,S,S
, ,0,1_1,2_1,3_1,4_1,4_2
0,0.02,0.24489795918367352,0.26530612244897955,0.36734693877551017,0.10204081632653061,0.02040816326530612,
