type,PGA,PGA
loc,1,1
dir,1,1
stat,median,beta
0,2.8020543881581794,0.4421883242128652
