type,PGA,PGA
loc,1,1
dir,1,1
stat,median,beta
0,2.2758190435394368,0.4965917677638562
