type,PGA,PGA
loc,1,1
dir,1,1
stat,median,beta
0,1.943123436517561,0.5694170817533242
