type,PGA,PGA
loc,1,1
dir,1,1
stat,median,beta
0,2.1760763233393052,0.5404886763623806
