type,PGA,PGA
loc,1,1
dir,1,1
stat,median,beta
0,2.2196549112643966,0.5262977313447592
