type,PGA,PGA
loc,1,1
dir,1,1
stat,median,beta
0,2.269123911977144,0.5830511996170955
