type,PGA,PGA
loc,1,1
dir,1,1
stat,median,beta
0,2.17640261076666,0.5235543113179506
