type,PGA,PGA
loc,1,1
dir,1,1
stat,median,beta
0,2.748165523662691,0.4968000713971706
