type,PGA,PGA
loc,1,1
dir,1,1
stat,median,beta
0,2.1826100912418402,0.5734138976398132
