type,PGA,PGA
loc,1,1
dir,1,1
stat,median,beta
0,2.3761766523598578,0.4752482534192817
