type,PGA,PGA
loc,1,1
dir,1,1
stat,median,beta
0,2.2196577950870395,0.522577495899145
