type,PGA,PGA
loc,1,1
dir,1,1
stat,median,beta
0,2.1090666988873314,0.5463781074262672
