,Collapse,DS likelihood,DS likelihood,DS likelihood,DS likelihood,DS likelihood,DS likelihood
,probability,S,S,S,S,S,S
, ,0,1_1,2_1,3_1,4_1,4_2
0,0.02,0.22448979591836737,0.061224489795918324,0.16326530612244905,0.26530612244897955,0.2857142857142857,
