type,PGA,PGA
loc,1,1
dir,1,1
stat,median,beta
0,2.5287247392641126,0.5037450417414505
