type,PGA,PGA
loc,1,1
dir,1,1
stat,median,beta
0,2.8609687747889434,0.4658731968910908
