,Collapse,DS likelihood,DS likelihood,DS likelihood,DS likelihood,DS likelihood,DS likelihood
,probability,S,S,S,S,S,S
, ,0,1_1,2_1,3_1,4_1,4_2
0,0.02,0.26530612244897955,0.12244897959183676,0.20408163265306123,0.22448979591836735,0.1836734693877551,
