type,PGA,PGA
loc,1,1
dir,1,1
stat,median,beta
0,2.459030942107969,0.5046018327535472
