type,PGA,PGA
loc,1,1
dir,1,1
stat,median,beta
0,2.2761080159208547,0.5636989330449749
