type,PGA,PGA
loc,1,1
dir,1,1
stat,median,beta
0,2.4114383247307596,0.49325848452424065
