type,PGA,PGA
loc,1,1
dir,1,1
stat,median,beta
0,2.5165581945636575,0.49866769900486996
