type,PGA,PGA
loc,1,1
dir,1,1
stat,median,beta
0,2.2985220753643665,0.5552563954652444
