type,PGA,PGA
loc,1,1
dir,1,1
stat,median,beta
0,2.6752309614426837,0.44682352550706256
