type,PGA,PGA
loc,1,1
dir,1,1
stat,median,beta
0,2.417374323777385,0.5036547038574916
