type,PGA,PGA
loc,1,1
dir,1,1
stat,median,beta
0,2.3635876189841345,0.5431136834564798
