type,PGA,PGA
loc,1,1
dir,1,1
stat,median,beta
0,2.1779010130418115,0.5765039906648154
