type,PGA,PGA
loc,1,1
dir,1,1
stat,median,beta
0,2.522166313287787,0.4642914923874891
