type,PGA,PGA
loc,1,1
dir,1,1
stat,median,beta
0,2.5773917013792076,0.5689639761409637
