type,PGA,PGA
loc,1,1
dir,1,1
stat,median,beta
0,1.9757987200355116,0.5980764585788949
