type,PGA,PGA
loc,1,1
dir,1,1
stat,median,beta
0,2.4345776499334235,0.48233433301498135
