type,PGA,PGA
loc,1,1
dir,1,1
stat,median,beta
0,2.821042738052661,0.49343265183137885
