type,PGA,PGA
loc,1,1
dir,1,1
stat,median,beta
0,2.7238014424774564,0.46982499261589167
