type,PGA,PGA
loc,1,1
dir,1,1
stat,median,beta
0,2.2829210100982404,0.5782361261071435
