type,PGA,PGA
loc,1,1
dir,1,1
stat,median,beta
0,2.083002465664058,0.5581963789082225
