type,PGA,PGA
loc,1,1
dir,1,1
stat,median,beta
0,2.649795851351959,0.4323279883183994
