type,PGA,PGA
loc,1,1
dir,1,1
stat,median,beta
0,2.2662785585217526,0.5152345393473958
