type,PGA,PGA
loc,1,1
dir,1,1
stat,median,beta
0,2.1350968714584075,0.5729964816702721
