type,PGA,PGA
loc,1,1
dir,1,1
stat,median,beta
0,2.289519203535821,0.506799302919902
