type,PGA,PGA
loc,1,1
dir,1,1
stat,median,beta
0,2.4840684802036614,0.5026692691413469
