type,PGA,PGA
loc,1,1
dir,1,1
stat,median,beta
0,2.371607262180091,0.5130700681277235
