type,PGA,PGA
loc,1,1
dir,1,1
stat,median,beta
0,2.6840328124760293,0.4247170254484601
