type,PGA,PGA
loc,1,1
dir,1,1
stat,median,beta
0,2.781951314487742,0.49027280323466044
