type,PGA,PGA
loc,1,1
dir,1,1
stat,median,beta
0,1.9892554092421806,0.5762399341127333
