type,PGA,PGA
loc,1,1
dir,1,1
stat,median,beta
0,2.8016646336230195,0.4775876553287564
