type,PGA,PGA
loc,1,1
dir,1,1
stat,median,beta
0,2.66169160204032,0.42645982865879406
