type,PGA,PGA
loc,1,1
dir,1,1
stat,median,beta
0,2.817357976488483,0.4597039759631379
