type,PGA,PGA
loc,1,1
dir,1,1
stat,median,beta
0,2.180366478058812,0.5388974344279658
