type,PGA,PGA
loc,1,1
dir,1,1
stat,median,beta
0,2.7695037364887645,0.4664368753689388
