type,PGA,PGA
loc,1,1
dir,1,1
stat,median,beta
0,2.1882644960070508,0.5477197871742212
