type,PGA,PGA
loc,1,1
dir,1,1
stat,median,beta
0,2.6971010988058985,0.42797913976443785
