type,PGA,PGA
loc,1,1
dir,1,1
stat,median,beta
0,2.2998849331831277,0.4961171010777212
