type,PGA,PGA
loc,1,1
dir,1,1
stat,median,beta
0,2.7151116614533297,0.5026793210148028
