type,PGA,PGA
loc,1,1
dir,1,1
stat,median,beta
0,2.2497406836941614,0.522287118805126
