type,PGA,PGA
loc,1,1
dir,1,1
stat,median,beta
0,2.1153135322550654,0.5648170212312655
