type,PGA,PGA
loc,1,1
dir,1,1
stat,median,beta
0,2.307947585394982,0.48051788793274
