type,PGA,PGA
loc,1,1
dir,1,1
stat,median,beta
0,2.2397751666503813,0.5054322304696175
