type,PGA,PGA
loc,1,1
dir,1,1
stat,median,beta
0,2.1309954442082355,0.5664603769785963
