type,PGA,PGA
loc,1,1
dir,1,1
stat,median,beta
0,1.8591179194140104,0.579750229581818
