type,PGA,PGA
loc,1,1
dir,1,1
stat,median,beta
0,2.317307357460704,0.4777809595050146
