type,PGA,PGA
loc,1,1
dir,1,1
stat,median,beta
0,2.172718784312779,0.5921717190006605
