type,PGA,PGA
loc,1,1
dir,1,1
stat,median,beta
0,2.4113903691759218,0.5738260182741072
