type,PGA,PGA
loc,1,1
dir,1,1
stat,median,beta
0,2.362120867037122,0.49069264874731494
