type,PGA,PGA
loc,1,1
dir,1,1
stat,median,beta
0,2.750014498616099,0.46782564180871444
