type,PGA,PGA
loc,1,1
dir,1,1
stat,median,beta
0,2.4226214117352924,0.5016726178364679
