type,PGA,PGA
loc,1,1
dir,1,1
stat,median,beta
0,2.6894396226639783,0.41506568433449437
