type,PGA,PGA
loc,1,1
dir,1,1
stat,median,beta
0,2.361815949174497,0.48154299805285133
