type,PGA,PGA
loc,1,1
dir,1,1
stat,median,beta
0,2.8933856636088824,0.4925416374197174
