type,PGA,PGA
loc,1,1
dir,1,1
stat,median,beta
0,2.7019281110054107,0.4882243627889181
