type,PGA,PGA
loc,1,1
dir,1,1
stat,median,beta
0,2.6862902375837043,0.4101460005567432
