type,PGA,PGA
loc,1,1
dir,1,1
stat,median,beta
0,2.0770777520541537,0.5702164141027389
