type,PGA,PGA
loc,1,1
dir,1,1
stat,median,beta
0,2.7491886126220733,0.41840440478112834
