type,PGA,PGA
loc,1,1
dir,1,1
stat,median,beta
0,2.13644811770497,0.561747490910861
