type,PGA,PGA
loc,1,1
dir,1,1
stat,median,beta
0,2.537016330744078,0.4227038417977919
