type,PGA,PGA
loc,1,1
dir,1,1
stat,median,beta
0,2.387201764471984,0.4825465363230566
