type,PGA,PGA
loc,1,1
dir,1,1
stat,median,beta
0,2.2672573785990124,0.5817420620786365
