type,PGA,PGA
loc,1,1
dir,1,1
stat,median,beta
0,2.6289807387933593,0.41428238042028254
