type,PGA,PGA
loc,1,1
dir,1,1
stat,median,beta
0,2.1146180905847993,0.5666807337164229
