type,PGA,PGA
loc,1,1
dir,1,1
stat,median,beta
0,2.190555893743718,0.5684974504713214
