type,PGA,PGA
loc,1,1
dir,1,1
stat,median,beta
0,2.312744131002403,0.4932855652299496
