type,PGA,PGA
loc,1,1
dir,1,1
stat,median,beta
0,2.3552839790683655,0.5644589956700842
