type,PGA,PGA
loc,1,1
dir,1,1
stat,median,beta
0,2.7335948424989986,0.4826498931705064
