type,PGA,PGA
loc,1,1
dir,1,1
stat,median,beta
0,2.776441173520265,0.45933342218023726
