type,PGA,PGA
loc,1,1
dir,1,1
stat,median,beta
0,2.1958670966378087,0.5491798204561339
