type,PGA,PGA
loc,1,1
dir,1,1
stat,median,beta
0,2.3189475662612056,0.5271531448018867
