type,PGA,PGA
loc,1,1
dir,1,1
stat,median,beta
0,2.2197919777637187,0.5362542142803137
