type,PGA,PGA
loc,1,1
dir,1,1
stat,median,beta
0,2.675858438373011,0.4370724229922732
