type,PGA,PGA
loc,1,1
dir,1,1
stat,median,beta
0,2.6206963082473402,0.4925057759051679
