type,PGA,PGA
loc,1,1
dir,1,1
stat,median,beta
0,2.8169509872080356,0.46447653392856675
