type,PGA,PGA
loc,1,1
dir,1,1
stat,median,beta
0,2.594109166067306,0.4135828908019523
