type,PGA,PGA
loc,1,1
dir,1,1
stat,median,beta
0,2.4000287237920457,0.49383022079724925
