type,PGA,PGA
loc,1,1
dir,1,1
stat,median,beta
0,2.159192528496732,0.564560390699627
