type,PGA,PGA
loc,1,1
dir,1,1
stat,median,beta
0,2.64249539885094,0.41673974246540724
