type,PGA,PGA
loc,1,1
dir,1,1
stat,median,beta
0,2.300111147151254,0.5224342893881826
