type,PGA,PGA
loc,1,1
dir,1,1
stat,median,beta
0,2.1446613829325143,0.5681883518470564
