type,PGA,PGA
loc,1,1
dir,1,1
stat,median,beta
0,2.4207385808165087,0.5496911737255907
