type,PGA,PGA
loc,1,1
dir,1,1
stat,median,beta
0,2.351984292976846,0.5320758796986949
