type,PGA,PGA
loc,1,1
dir,1,1
stat,median,beta
0,2.3421230135295685,0.5007874254701672
