type,PGA,PGA
loc,1,1
dir,1,1
stat,median,beta
0,1.7942734854601823,0.5793542509574422
