type,PGA,PGA
loc,1,1
dir,1,1
stat,median,beta
0,1.9300705627898402,0.5771129989579588
