type,PGA,PGA
loc,1,1
dir,1,1
stat,median,beta
0,2.1615079261554886,0.5528319925025111
