type,PGA,PGA
loc,1,1
dir,1,1
stat,median,beta
0,2.3562654542434265,0.4930476511712916
