,Collapse,DS likelihood,DS likelihood,DS likelihood,DS likelihood,DS likelihood,DS likelihood
,probability,S,S,S,S,S,S
, ,0,1_1,2_1,3_1,4_1,4_2
0,0.02,0.2857142857142857,0.08163265306122447,0.28571428571428575,0.12244897959183673,0.22448979591836735,
