type,PGA,PGA
loc,1,1
dir,1,1
stat,median,beta
0,2.167201136361596,0.557849681547487
