type,PGA,PGA
loc,1,1
dir,1,1
stat,median,beta
0,2.3382510728999115,0.5021283370261671
