type,PGA,PGA
loc,1,1
dir,1,1
stat,median,beta
0,2.793332207688791,0.4668170350790933
