type,PGA,PGA
loc,1,1
dir,1,1
stat,median,beta
0,2.280394073693812,0.539908861278822
