type,PGA,PGA
loc,1,1
dir,1,1
stat,median,beta
0,2.6783656958763298,0.46205604282423995
