type,PGA,PGA
loc,1,1
dir,1,1
stat,median,beta
0,2.7094962650505527,0.5138867440874108
