type,PGA,PGA
loc,1,1
dir,1,1
stat,median,beta
0,2.1224290414815155,0.5755118864409158
