type,PGA,PGA
loc,1,1
dir,1,1
stat,median,beta
0,2.4574422555091853,0.5700967402196464
