type,PGA,PGA
loc,1,1
dir,1,1
stat,median,beta
0,2.8960870714591866,0.4764926783247868
