type,PGA,PGA
loc,1,1
dir,1,1
stat,median,beta
0,2.1482403675260233,0.5424141854076693
