type,PGA,PGA
loc,1,1
dir,1,1
stat,median,beta
0,2.8905123290927497,0.4741525950861875
