type,PGA,PGA
loc,1,1
dir,1,1
stat,median,beta
0,2.33673953526449,0.5417665500264586
