type,PGA,PGA
loc,1,1
dir,1,1
stat,median,beta
0,1.8533176789864285,0.5765536242125607
