type,PGA,PGA
loc,1,1
dir,1,1
stat,median,beta
0,1.9651350938467855,0.5841404142010175
