type,PGA,PGA
loc,1,1
dir,1,1
stat,median,beta
0,2.178841999806907,0.5737546470282225
