type,PGA,PGA
loc,1,1
dir,1,1
stat,median,beta
0,2.3647388191422127,0.5433785455756109
