type,PGA,PGA
loc,1,1
dir,1,1
stat,median,beta
0,2.6808630258861257,0.43190353218941746
