type,PGA,PGA
loc,1,1
dir,1,1
stat,median,beta
0,2.4746988489588233,0.485323602164208
