type,PGA,PGA
loc,1,1
dir,1,1
stat,median,beta
0,2.7271041979045663,0.4389378679478437
