type,PGA,PGA
loc,1,1
dir,1,1
stat,median,beta
0,2.7519229307221575,0.46779822162585116
