type,PGA,PGA
loc,1,1
dir,1,1
stat,median,beta
0,2.1252481989709944,0.4949445717654252
