type,PGA,PGA
loc,1,1
dir,1,1
stat,median,beta
0,2.752739531206338,0.4939575171738885
