type,PGA,PGA
loc,1,1
dir,1,1
stat,median,beta
0,2.811376528872555,0.4881588239367001
