type,PGA,PGA
loc,1,1
dir,1,1
stat,median,beta
0,1.8626078710450402,0.5695441088307759
