type,PGA,PGA
loc,1,1
dir,1,1
stat,median,beta
0,2.362053133900519,0.5463144301002429
