type,PGA,PGA
loc,1,1
dir,1,1
stat,median,beta
0,2.724426921990008,0.4900989219553169
