type,PGA,PGA
loc,1,1
dir,1,1
stat,median,beta
0,2.8323563573392017,0.5161057634745074
