,Collapse,DS likelihood,DS likelihood,DS likelihood,DS likelihood,DS likelihood,DS likelihood
,probability,S,S,S,S,S,S
, ,0,1_1,2_1,3_1,4_1,4_2
0,0.06,0.19148936170212771,0.17021276595744672,0.21276595744680854,0.25531914893617025,0.1702127659574468,
