type,PGA,PGA
loc,1,1
dir,1,1
stat,median,beta
0,2.4440241878340014,0.5037065695430629
