type,PGA,PGA
loc,1,1
dir,1,1
stat,median,beta
0,2.1042209910905365,0.5662670232259225
