type,PGA,PGA
loc,1,1
dir,1,1
stat,median,beta
0,2.1885859088156137,0.5331204901459935
