type,PGA,PGA
loc,1,1
dir,1,1
stat,median,beta
0,2.686403256279905,0.4278247253110753
