type,PGA,PGA
loc,1,1
dir,1,1
stat,median,beta
0,2.3406694059238493,0.48969820764845057
