type,PGA,PGA
loc,1,1
dir,1,1
stat,median,beta
0,2.1081255541474997,0.5505425413755719
