type,PGA,PGA
loc,1,1
dir,1,1
stat,median,beta
0,2.68395278498231,0.5166622575030343
