type,PGA,PGA
loc,1,1
dir,1,1
stat,median,beta
0,2.0474223179013533,0.6051442807356193
