type,PGA,PGA
loc,1,1
dir,1,1
stat,median,beta
0,1.729307857193508,0.5936320127093663
