type,PGA,PGA
loc,1,1
dir,1,1
stat,median,beta
0,2.273281223599624,0.5789302278151442
