type,PGA,PGA
loc,1,1
dir,1,1
stat,median,beta
0,2.7855042754635555,0.5179601140777147
