type,PGA,PGA
loc,1,1
dir,1,1
stat,median,beta
0,1.9899213629264625,0.5494544586530085
