type,PGA,PGA
loc,1,1
dir,1,1
stat,median,beta
0,2.195205131832612,0.5722882870537194
