type,PGA,PGA
loc,1,1
dir,1,1
stat,median,beta
0,2.5057103188939935,0.42691220315898
