type,PGA,PGA
loc,1,1
dir,1,1
stat,median,beta
0,2.182152654236786,0.5540769285227268
