type,PGA,PGA
loc,1,1
dir,1,1
stat,median,beta
0,2.377107962561131,0.48340592623351786
