type,PGA,PGA
loc,1,1
dir,1,1
stat,median,beta
0,2.751526262661483,0.4569068197732385
