type,PGA,PGA
loc,1,1
dir,1,1
stat,median,beta
0,2.653478056600633,0.5046722393726008
