,Collapse,DS likelihood,DS likelihood,DS likelihood,DS likelihood,DS likelihood,DS likelihood
,probability,S,S,S,S,S,S
, ,0,1_1,2_1,3_1,4_1,4_2
0,0.02,0.5306122448979591,0.12244897959183676,0.16326530612244897,0.14285714285714288,0.04081632653061224,
