type,PGA,PGA
loc,1,1
dir,1,1
stat,median,beta
0,2.2755176098516925,0.5642824927943757
