type,PGA,PGA
loc,1,1
dir,1,1
stat,median,beta
0,2.0056883206072342,0.5469236573310724
