type,PGA,PGA
loc,1,1
dir,1,1
stat,median,beta
0,2.7094040859632837,0.4671588668120875
