type,PGA,PGA
loc,1,1
dir,1,1
stat,median,beta
0,2.0364235350323123,0.5611262336169872
