type,PGA,PGA
loc,1,1
dir,1,1
stat,median,beta
0,2.1000386649559983,0.5673936104039758
