type,PGA,PGA
loc,1,1
dir,1,1
stat,median,beta
0,2.297257567383759,0.5296658362096793
