type,PGA,PGA
loc,1,1
dir,1,1
stat,median,beta
0,2.2285855060177395,0.5176757929640023
