type,PGA,PGA
loc,1,1
dir,1,1
stat,median,beta
0,2.6793148276130205,0.5817609960187784
