type,PGA,PGA
loc,1,1
dir,1,1
stat,median,beta
0,2.2433878186042437,0.53533761927478
