type,PGA,PGA
loc,1,1
dir,1,1
stat,median,beta
0,2.668122973899445,0.48317484470272776
