type,PGA,PGA
loc,1,1
dir,1,1
stat,median,beta
0,2.739593507186815,0.48929178314588456
