type,PGA,PGA
loc,1,1
dir,1,1
stat,median,beta
0,1.9928232856790518,0.58309128047435
