type,PGA,PGA
loc,1,1
dir,1,1
stat,median,beta
0,2.174922253161899,0.5528288546558051
