type,PGA,PGA
loc,1,1
dir,1,1
stat,median,beta
0,2.2477806154442033,0.5391992385764289
