type,PGA,PGA
loc,1,1
dir,1,1
stat,median,beta
0,1.796344198751127,0.5711544257451191
