type,PGA,PGA
loc,1,1
dir,1,1
stat,median,beta
0,2.510011198703001,0.48782633241005313
