type,PGA,PGA
loc,1,1
dir,1,1
stat,median,beta
0,2.8226978970293093,0.47650866732333014
