type,PGA,PGA
loc,1,1
dir,1,1
stat,median,beta
0,2.2429692410618673,0.5660143960416257
