type,PGA,PGA
loc,1,1
dir,1,1
stat,median,beta
0,2.899115710029844,0.4759229492870508
