type,PGA,PGA
loc,1,1
dir,1,1
stat,median,beta
0,2.122495773394741,0.5374196090440209
