type,PGA,PGA
loc,1,1
dir,1,1
stat,median,beta
0,2.1295766134864653,0.5425050411777608
