type,PGA,PGA
loc,1,1
dir,1,1
stat,median,beta
0,2.575706260812252,0.5337108692126217
