type,PGA,PGA
loc,1,1
dir,1,1
stat,median,beta
0,2.765958498218038,0.4968735004347499
