type,PGA,PGA
loc,1,1
dir,1,1
stat,median,beta
0,2.3304970924344444,0.54563782908731
