type,PGA,PGA
loc,1,1
dir,1,1
stat,median,beta
0,2.717165820132486,0.5060047592289793
