type,PGA,PGA
loc,1,1
dir,1,1
stat,median,beta
0,2.286912095314519,0.5510768186501548
