type,PGA,PGA
loc,1,1
dir,1,1
stat,median,beta
0,2.0434212702568617,0.5766790512936337
