type,PGA,PGA
loc,1,1
dir,1,1
stat,median,beta
0,2.1927937325560194,0.5746378747531836
