type,PGA,PGA
loc,1,1
dir,1,1
stat,median,beta
0,2.252492037191559,0.5011344396154668
