type,PGA,PGA
loc,1,1
dir,1,1
stat,median,beta
0,2.531962682648971,0.5547568430086569
