type,PGA,PGA
loc,1,1
dir,1,1
stat,median,beta
0,2.836646142631454,0.4569821829207347
