type,PGA,PGA
loc,1,1
dir,1,1
stat,median,beta
0,2.0807695834922217,0.5393370692071038
