type,PGA,PGA
loc,1,1
dir,1,1
stat,median,beta
0,2.4954754168623428,0.4506258077420455
