type,PGA,PGA
loc,1,1
dir,1,1
stat,median,beta
0,1.8056313705808589,0.5793759312216058
