type,PGA,PGA
loc,1,1
dir,1,1
stat,median,beta
0,2.6706551480027523,0.41692760383957855
