type,PGA,PGA
loc,1,1
dir,1,1
stat,median,beta
0,2.4207537495496947,0.5606287097419758
