type,PGA,PGA
loc,1,1
dir,1,1
stat,median,beta
0,2.294857093324063,0.5513717849960207
