type,PGA,PGA
loc,1,1
dir,1,1
stat,median,beta
0,2.7769889475041447,0.450528923955455
