type,PGA,PGA
loc,1,1
dir,1,1
stat,median,beta
0,2.1910493762044023,0.5461968246475967
