type,PGA,PGA
loc,1,1
dir,1,1
stat,median,beta
0,2.129648657859493,0.5479982199861572
