type,PGA,PGA
loc,1,1
dir,1,1
stat,median,beta
0,2.153864274136783,0.532864197852667
