type,PGA,PGA
loc,1,1
dir,1,1
stat,median,beta
0,2.532739091058928,0.4999316955768723
