type,PGA,PGA
loc,1,1
dir,1,1
stat,median,beta
0,2.24959378101779,0.5085419789203922
