type,PGA,PGA
loc,1,1
dir,1,1
stat,median,beta
0,2.7687291471467326,0.46471658968395135
