type,PGA,PGA
loc,1,1
dir,1,1
stat,median,beta
0,2.100599198782219,0.5799049272527389
