type,PGA,PGA
loc,1,1
dir,1,1
stat,median,beta
0,2.762183603250419,0.47541483802328927
