type,PGA,PGA
loc,1,1
dir,1,1
stat,median,beta
0,2.8035914536283286,0.45858286318750946
