type,PGA,PGA
loc,1,1
dir,1,1
stat,median,beta
0,2.1652733060803175,0.5397376634876637
