type,PGA,PGA
loc,1,1
dir,1,1
stat,median,beta
0,2.862009591980028,0.4662845886519302
