type,PGA,PGA
loc,1,1
dir,1,1
stat,median,beta
0,2.758134425303319,0.4696831352527424
