type,PGA,PGA
loc,1,1
dir,1,1
stat,median,beta
0,2.6606688845247284,0.41808052193859807
