type,PGA,PGA
loc,1,1
dir,1,1
stat,median,beta
0,2.4478616547743304,0.4931197336655709
