type,PGA,PGA
loc,1,1
dir,1,1
stat,median,beta
0,2.3059896081302154,0.49702071917208834
