type,PGA,PGA
loc,1,1
dir,1,1
stat,median,beta
0,2.0794394739363056,0.534842134445377
