type,PGA,PGA
loc,1,1
dir,1,1
stat,median,beta
0,2.6791721539892923,0.4899718304691726
