type,PGA,PGA
loc,1,1
dir,1,1
stat,median,beta
0,2.5660509085102943,0.5241684806962299
