type,PGA,PGA
loc,1,1
dir,1,1
stat,median,beta
0,2.3650618363638163,0.5341087212859912
