type,PGA,PGA
loc,1,1
dir,1,1
stat,median,beta
0,2.0866939975705106,0.5627490052472474
