type,PGA,PGA
loc,1,1
dir,1,1
stat,median,beta
0,2.190832361052334,0.530121521622586
