type,PGA,PGA
loc,1,1
dir,1,1
stat,median,beta
0,2.0652611586004896,0.5633038030783255
