type,PGA,PGA
loc,1,1
dir,1,1
stat,median,beta
0,2.7853980452679323,0.4946563466261505
