type,PGA,PGA
loc,1,1
dir,1,1
stat,median,beta
0,2.3913828417484053,0.5351493320433119
