type,PGA,PGA
loc,1,1
dir,1,1
stat,median,beta
0,2.5101209870352013,0.561108204878317
