type,PGA,PGA
loc,1,1
dir,1,1
stat,median,beta
0,2.667520616701959,0.46362037319356675
