type,PGA,PGA
loc,1,1
dir,1,1
stat,median,beta
0,2.732278720362212,0.4625083750610498
