type,PGA,PGA
loc,1,1
dir,1,1
stat,median,beta
0,1.9017448396960663,0.5780703326756232
