type,PGA,PGA
loc,1,1
dir,1,1
stat,median,beta
0,2.285189651436128,0.5275688625216081
