type,PGA,PGA
loc,1,1
dir,1,1
stat,median,beta
0,2.065465630845666,0.5393229368221129
