type,PGA,PGA
loc,1,1
dir,1,1
stat,median,beta
0,2.2608247822040566,0.558403882346804
