type,PGA,PGA
loc,1,1
dir,1,1
stat,median,beta
0,2.522166313287787,0.5009341608750609
