type,PGA,PGA
loc,1,1
dir,1,1
stat,median,beta
0,2.7874387324990324,0.48140831246461346
