type,PGA,PGA
loc,1,1
dir,1,1
stat,median,beta
0,2.6207218899415095,0.41302030950980073
