type,PGA,PGA
loc,1,1
dir,1,1
stat,median,beta
0,2.7045983644543465,0.4678145127385933
