type,PGA,PGA
loc,1,1
dir,1,1
stat,median,beta
0,2.2937570959095877,0.5134584820157265
