type,PGA,PGA
loc,1,1
dir,1,1
stat,median,beta
0,2.46782283481338,0.4851510559368252
