type,PGA,PGA
loc,1,1
dir,1,1
stat,median,beta
0,2.4355951899980064,0.5006321648135158
