type,PGA,PGA
loc,1,1
dir,1,1
stat,median,beta
0,2.483879615724952,0.4822704869710983
