type,PGA,PGA
loc,1,1
dir,1,1
stat,median,beta
0,2.5746612168109975,0.4938124714760906
