type,PGA,PGA
loc,1,1
dir,1,1
stat,median,beta
0,2.74828584677315,0.4921617034580237
