type,PGA,PGA
loc,1,1
dir,1,1
stat,median,beta
0,2.092388406492452,0.5411749808072065
