type,PGA,PGA
loc,1,1
dir,1,1
stat,median,beta
0,2.155321063560212,0.5568479979060001
