type,PGA,PGA
loc,1,1
dir,1,1
stat,median,beta
0,2.7617028686923657,0.4842872269571862
