type,PGA,PGA
loc,1,1
dir,1,1
stat,median,beta
0,2.5771519896752166,0.4825464268804168
