type,PGA,PGA
loc,1,1
dir,1,1
stat,median,beta
0,2.82359684517772,0.49382368289322043
