type,PGA,PGA
loc,1,1
dir,1,1
stat,median,beta
0,1.9288586372708019,0.5752780369829951
