,Collapse,DS likelihood,DS likelihood,DS likelihood,DS likelihood,DS likelihood,DS likelihood
,probability,S,S,S,S,S,S
, ,0,1_1,2_1,3_1,4_1,4_2
0,0.02,0.44897959183673475,0.4081632653061224,0.08163265306122448,0.04081632653061225,0.02040816326530612,
