type,PGA,PGA
loc,1,1
dir,1,1
stat,median,beta
0,2.8411131272259453,0.46921503777372386
