type,PGA,PGA
loc,1,1
dir,1,1
stat,median,beta
0,2.1365232216557213,0.5395153442864303
