type,PGA,PGA
loc,1,1
dir,1,1
stat,median,beta
0,2.0534281717267033,0.5639934315574213
