type,PGA,PGA
loc,1,1
dir,1,1
stat,median,beta
0,2.0931392706894663,0.5640266629292006
