type,PGA,PGA
loc,1,1
dir,1,1
stat,median,beta
0,2.273236208323976,0.5383386062608
