type,PGA,PGA
loc,1,1
dir,1,1
stat,median,beta
0,2.141250680389943,0.5656818532631662
