type,PGA,PGA
loc,1,1
dir,1,1
stat,median,beta
0,2.227946238418502,0.5727153345843693
