type,PGA,PGA
loc,1,1
dir,1,1
stat,median,beta
0,2.2866857521858988,0.49519592645170013
