type,PGA,PGA
loc,1,1
dir,1,1
stat,median,beta
0,2.373526226246167,0.5118446790791173
