type,PGA,PGA
loc,1,1
dir,1,1
stat,median,beta
0,1.9572497139460503,0.5542971289050533
