type,PGA,PGA
loc,1,1
dir,1,1
stat,median,beta
0,2.4048045353611176,0.5530803559039897
