,Collapse,DS likelihood,DS likelihood,DS likelihood,DS likelihood,DS likelihood,DS likelihood
,probability,S,S,S,S,S,S
, ,0,1_1,2_1,3_1,4_1,4_2
0,0.06,0.3829787234042553,0.1063829787234043,0.1914893617021276,0.14893617021276598,0.1702127659574468,
