type,PGA,PGA
loc,1,1
dir,1,1
stat,median,beta
0,1.7447781948539443,0.574236240079727
