type,PGA,PGA
loc,1,1
dir,1,1
stat,median,beta
0,2.195780240153188,0.5397545470363281
