type,PGA,PGA
loc,1,1
dir,1,1
stat,median,beta
0,2.103224726515118,0.5600984405637426
