type,PGA,PGA
loc,1,1
dir,1,1
stat,median,beta
0,2.2308965101490004,0.564089776147017
