type,PGA,PGA
loc,1,1
dir,1,1
stat,median,beta
0,2.298068570524481,0.5531248895635515
