type,PGA,PGA
loc,1,1
dir,1,1
stat,median,beta
0,2.812088291771558,0.4851752545731649
