type,PGA,PGA
loc,1,1
dir,1,1
stat,median,beta
0,1.8340344134595858,0.5686861708076456
