type,PGA,PGA
loc,1,1
dir,1,1
stat,median,beta
0,2.297660974724723,0.4959987898921157
