type,PGA,PGA
loc,1,1
dir,1,1
stat,median,beta
0,2.6375208707671884,0.4711221999002053
