type,PGA,PGA
loc,1,1
dir,1,1
stat,median,beta
0,2.653368432023709,0.4202173636006697
