type,PGA,PGA
loc,1,1
dir,1,1
stat,median,beta
0,2.7157547744901365,0.4245813573510121
