type,PGA,PGA
loc,1,1
dir,1,1
stat,median,beta
0,2.140411323215695,0.5577174834649126
