type,PGA,PGA
loc,1,1
dir,1,1
stat,median,beta
0,2.7742927084795093,0.4751984575677099
