type,PGA,PGA
loc,1,1
dir,1,1
stat,median,beta
0,2.365197161085374,0.5770006413376668
