type,PGA,PGA
loc,1,1
dir,1,1
stat,median,beta
0,1.791264693589084,0.5671864893835642
