type,PGA,PGA
loc,1,1
dir,1,1
stat,median,beta
0,2.3064762429726104,0.4893147569495069
