type,PGA,PGA
loc,1,1
dir,1,1
stat,median,beta
0,2.0446189114688598,0.5773014781839667
