type,PGA,PGA
loc,1,1
dir,1,1
stat,median,beta
0,2.53145254581057,0.4877879346366772
