type,PGA,PGA
loc,1,1
dir,1,1
stat,median,beta
0,1.9937648677691768,0.5784877339517979
