type,PGA,PGA
loc,1,1
dir,1,1
stat,median,beta
0,1.8597769290377637,0.5744836267121879
