type,PGA,PGA
loc,1,1
dir,1,1
stat,median,beta
0,2.5197653127962143,0.5003270889560745
