type,PGA,PGA
loc,1,1
dir,1,1
stat,median,beta
0,2.676823549461944,0.4910257413948006
