type,PGA,PGA
loc,1,1
dir,1,1
stat,median,beta
0,1.8976410015766603,0.5794200113741801
