type,PGA,PGA
loc,1,1
dir,1,1
stat,median,beta
0,2.206565475256847,0.5492101479490992
