type,PGA,PGA
loc,1,1
dir,1,1
stat,median,beta
0,1.985548312241049,0.594363230935048
