type,PGA,PGA
loc,1,1
dir,1,1
stat,median,beta
0,2.325411133281879,0.5185984519802248
