type,PGA,PGA
loc,1,1
dir,1,1
stat,median,beta
0,2.1958317999516557,0.5624178854757933
