type,PGA,PGA
loc,1,1
dir,1,1
stat,median,beta
0,2.8615478674822192,0.4706088794782388
