type,PGA,PGA
loc,1,1
dir,1,1
stat,median,beta
0,2.193362179739287,0.5672558955565088
