type,PGA,PGA
loc,1,1
dir,1,1
stat,median,beta
0,2.6179428621248446,0.4925127707832564
