type,PGA,PGA
loc,1,1
dir,1,1
stat,median,beta
0,2.2170386656260943,0.5009232398528052
