type,PGA,PGA
loc,1,1
dir,1,1
stat,median,beta
0,2.388223297956597,0.5201981933447996
