type,PGA,PGA
loc,1,1
dir,1,1
stat,median,beta
0,2.304365329903572,0.5726653160316888
