type,PGA,PGA
loc,1,1
dir,1,1
stat,median,beta
0,2.241100386422217,0.48119764467220516
