type,PGA,PGA
loc,1,1
dir,1,1
stat,median,beta
0,2.4312029825938404,0.5103239056100032
