type,PGA,PGA
loc,1,1
dir,1,1
stat,median,beta
0,2.3563713889348827,0.4972240244459971
