type,PGA,PGA
loc,1,1
dir,1,1
stat,median,beta
0,2.6169289107163873,0.4218805277124708
