type,PGA,PGA
loc,1,1
dir,1,1
stat,median,beta
0,2.747272841106418,0.5143559598793574
