type,PGA,PGA
loc,1,1
dir,1,1
stat,median,beta
0,2.1851442008924056,0.5335544519156157
