type,PGA,PGA
loc,1,1
dir,1,1
stat,median,beta
0,2.8783906919344098,0.46720723050492696
