,Collapse,DS likelihood,DS likelihood,DS likelihood,DS likelihood,DS likelihood,DS likelihood
,probability,S,S,S,S,S,S
, ,0,1_1,2_1,3_1,4_1,4_2
0,0.04,0.27083333333333337,0.0625,0.24999999999999994,0.20833333333333334,0.20833333333333334,
