type,PGA,PGA
loc,1,1
dir,1,1
stat,median,beta
0,2.3286529396756754,0.5863472635721158
