type,PGA,PGA
loc,1,1
dir,1,1
stat,median,beta
0,2.350344163629029,0.48893058524051103
