type,PGA,PGA
loc,1,1
dir,1,1
stat,median,beta
0,2.1390296102627397,0.5543955277040793
