type,PGA,PGA
loc,1,1
dir,1,1
stat,median,beta
0,2.2320888218882873,0.5491911435413053
