type,PGA,PGA
loc,1,1
dir,1,1
stat,median,beta
0,2.1345408756621906,0.5651141184064575
