type,PGA,PGA
loc,1,1
dir,1,1
stat,median,beta
0,2.146967368050827,0.5379214737773117
