type,PGA,PGA
loc,1,1
dir,1,1
stat,median,beta
0,2.74001094759865,0.4825944814677989
