type,PGA,PGA
loc,1,1
dir,1,1
stat,median,beta
0,2.6685501371590963,0.429932360633318
