type,PGA,PGA
loc,1,1
dir,1,1
stat,median,beta
0,1.8583129357556227,0.5750198715073239
