type,PGA,PGA
loc,1,1
dir,1,1
stat,median,beta
0,2.6612496846580775,0.4234174644639963
