type,PGA,PGA
loc,1,1
dir,1,1
stat,median,beta
0,2.6877104983131006,0.46213252413326966
