type,PGA,PGA
loc,1,1
dir,1,1
stat,median,beta
0,2.2159002331938344,0.5574880394485436
