type,PGA,PGA
loc,1,1
dir,1,1
stat,median,beta
0,2.1698551912341393,0.5512309391042557
