type,PGA,PGA
loc,1,1
dir,1,1
stat,median,beta
0,2.276752299164132,0.57920682979178
