type,PGA,PGA
loc,1,1
dir,1,1
stat,median,beta
0,2.1712902485543637,0.5178983835692617
