type,PGA,PGA
loc,1,1
dir,1,1
stat,median,beta
0,2.0545950927923595,0.5383939662450458
