,Collapse,DS likelihood,DS likelihood,DS likelihood,DS likelihood,DS likelihood,DS likelihood
,probability,S,S,S,S,S,S
, ,0,1_1,2_1,3_1,4_1,4_2
0,0.04,0.33333333333333337,0.22916666666666663,0.27083333333333337,0.08333333333333333,0.08333333333333333,
