type,PGA,PGA
loc,1,1
dir,1,1
stat,median,beta
0,2.259829561982029,0.5652753250114833
