type,PGA,PGA
loc,1,1
dir,1,1
stat,median,beta
0,2.127503763686703,0.5347525581844402
