type,PGA,PGA
loc,1,1
dir,1,1
stat,median,beta
0,2.2732931962237917,0.5584792997463797
