type,PGA,PGA
loc,1,1
dir,1,1
stat,median,beta
0,2.2925824300739555,0.4918698393548091
