type,PGA,PGA
loc,1,1
dir,1,1
stat,median,beta
0,2.8743217660816436,0.4816844090341738
