type,PGA,PGA
loc,1,1
dir,1,1
stat,median,beta
0,2.604524694051203,0.5005009202304782
