type,PGA,PGA
loc,1,1
dir,1,1
stat,median,beta
0,2.75989216922999,0.47322864761508676
