type,PGA,PGA
loc,1,1
dir,1,1
stat,median,beta
0,2.448911323495532,0.4817545042485775
