type,PGA,PGA
loc,1,1
dir,1,1
stat,median,beta
0,1.984577811373053,0.5980529941017798
