type,PGA,PGA
loc,1,1
dir,1,1
stat,median,beta
0,2.251064521354884,0.5764343417719812
