type,PGA,PGA
loc,1,1
dir,1,1
stat,median,beta
0,2.361220016931099,0.5738592881931921
