type,PGA,PGA
loc,1,1
dir,1,1
stat,median,beta
0,2.106562599329016,0.5428789302514222
