type,PGA,PGA
loc,1,1
dir,1,1
stat,median,beta
0,2.39333437516221,0.51014989212217
