type,PGA,PGA
loc,1,1
dir,1,1
stat,median,beta
0,2.4927083067168985,0.5087677424668349
