type,PGA,PGA
loc,1,1
dir,1,1
stat,median,beta
0,1.8548120514908777,0.5867172903375052
